{"report":{"blancco_data":{"description":{"document_id":"5c46303c-8c8a-4bb1-90f3-0249f7fe42e8","document_log":[{"author":{"product_name":{"@id":"50","@name":"Blancco Drive Eraser","value":"Blancco 5"},"product_version":"7.8.2","product_revision":"6899 (ce183852af73)"},"date":"2024-01-19T11:29:18+0100","clock_source":"mc"}],"description_entries":{"company_information":[{"@type":"string","customer_license":"Copiatek"},{"@type":"string","erasure_provider":"Copiatek"}],"license_consumption_ids":[{"@type":"string","license_consumption_id":"6cff6ae8-5ccc-4f5b-2df6-304d385cb2a9"}]}},"blancco_erasure_report":{"erasures":[{"erasure":[{"@type":"uint","erasure_id":1},{"@type":"string","timestamp":"2024-01-19T11:29:18+0100"},{"target":[{"@type":"uint","target_id":1},{"@type":"uint","internal_id":57},{"@type":"string","type":"disk"},{"@type":"string","model":"WD5000AAKX-60U6AA0"},{"@type":"string","vendor":"WDC"},{"@type":"string","serial":"WD-WCC2E5YPLYCJ"},{"@type":"string","wwnid":"50014ee2b60cfb28"},{"@type":"string","firmware_revision":"18.01H18"},{"@type":"uint","blocksize":512},{"@type":"string","interface_type":"SATA"},{"@type":"string","form_factor":"3.5\""},{"@type":"uint","capacity":500107862016},{"@type":"uint","sectors":976773168},{"@type":"uint","remapped_sectors":0},{"@type":"uint","remapped_sectors_after_erasure":0},{"region":[{"@type":"string","type":"accessible"},{"@type":"uint","capacity":500107862016},{"@type":"uint","sectors":976773168},{"@type":"string","status":"Exists"}]},{"region":[{"@type":"string","type":"dco"},{"@type":"string","status":"Doesn't exist"}]},{"region":[{"@type":"string","type":"hpa"},{"@type":"string","status":"Doesn't exist"}]},{"@type":"string","health":"good"},{"features":[{"@type":"string","feature":"secure erase"},{"@type":"string","feature":"enhanced secure erase"},{"@type":"string","feature":"smart"},{"@type":"string","feature":"short smart self-test"},{"@type":"string","feature":"extended smart self-test"},{"@type":"string","feature":"selective smart self-test"}]}]},{"@type":"uint","processed_sectors":976773168},{"@type":"uint","unprocessed_sectors":0},{"@type":"uint","excluded_sectors":0},{"@type":"uint","total_errors":0},{"@type":"string","state":"Successful"},{"@type":"string","elapsed_time":"01:51:18"},{"@type":"string","start_time":"2024-01-17T15:05:09+0100"},{"@type":"string","end_time":"2024-01-17T16:56:28+0100"},{"@type":"string","erasure_standard_name":"NIST 800-88 Purge - ATA"},{"@type":"uint","overwriting_rounds":1},{"@type":"uint","firmware_rounds":1},{"@type":"uint","total_erasure_rounds":2}]}]},"blancco_hardware_report":{"system":[{"@type":"string","manufacturer":"HP"},{"@type":"string","model":"HP ProDesk 400 G3 SFF"},{"@type":"string","serial":"CZC7057VQW"},{"@type":"string","uuid":"769d0eb3-e914-11e6-9c43-bc0000b80000"},{"@type":"string","chassis_type":"Low Profile Desktop"},{"@type":"string","sku_number":"X9D28EA#ABH"},{"@type":"string","bios_mode":"Legacy"},{"@type":"string","secure_boot_state":"unsupported"},{"boot_parameters":[{"@type":"string","boot_parameter":"BOOTIF=dc:4a:3e:58:97:1f"},{"@type":"string","boot_parameter":"flr"},{"@type":"string","boot_parameter":"libata.allow_tpm=1"},{"@type":"string","boot_parameter":"loglevel=0"},{"@type":"string","boot_parameter":"memtest=00"}]}],"bios":[{"@type":"string","vendor":"HP"},{"@type":"string","version":"N03 Ver. 02.09"},{"@type":"string","date":"11/01/2016"},{"@type":"uint","rom_size":16000},{"features":[{"@type":"string","feature":"PCI"},{"@type":"string","feature":"ACPI"},{"@type":"string","feature":"CD Boot"},{"@type":"string","feature":"EDD"},{"@type":"string","feature":"Legacy USB"}]},{"bios_logo":[{"@type":"string","test":"not performed"}]}],"processors":[{"@type":"uint","total_cores":4},{"@type":"uint","total_cpus":1},{"processor":[{"@type":"uint","id":1},{"@type":"string","model":"Intel(R) Core(TM) i5-6500 CPU @ 3.20GHz"},{"@type":"string","vendor":"GenuineIntel"},{"@type":"uint","nominal_frequency":3200000000},{"@type":"uint","max_frequency":3600000000},{"@type":"uint","cores":4},{"@type":"uint","threads":4},{"@type":"string","hyperthreading":"false"},{"caches":[{"cache":[{"@type":"string","type":"Level 1 Cache"},{"@type":"uint","size":128}]},{"cache":[{"@type":"string","type":"Level 2 Cache"},{"@type":"uint","size":1024}]},{"cache":[{"@type":"string","type":"Level 3 Cache"},{"@type":"uint","size":6144}]}]},{"@type":"uint","stepping":3},{"@type":"string","voltage":"1.0 V"},{"@type":"string","external_clock":"100 MHz"},{"@type":"uint","generation":6}]},{"@type":"string","test":"successful"}],"motherboard":[{"@type":"string","vendor":"HP"},{"@type":"string","product_name":"8062"},{"@type":"string","version":"KBC Version 05.22"},{"@type":"string","serial_number":"PEUDQ0HP152OZ7"},{"@type":"string","test":"successful"},{"test_details":[{"@type":"string","comment":"RTC test passed."},{"@type":"string","comment":"DMI test passed."},{"@type":"string","comment":"CMOS battery test passed."},{"@type":"string","comment":"CMOS checksum test passed."}]}],"memory":[{"@type":"uint","total_memory":4294967296},{"@type":"uint","accessible_memory":4017442816},{"@type":"uint","physical_memory":4294967296},{"memory_bank":[{"@type":"string","vendor":"Samsung"},{"@type":"string","serial":"33C64DE2"},{"@type":"string","part_number":"M378A5143EB1-CPB"},{"@type":"string","type":"DDR4"},{"@type":"string","type_detail":"Synchronous Unbuffered (Unregistered)"},{"@type":"string","form_factor":"DIMM"},{"@type":"uint","capacity":4294967296},{"@type":"uint","hz":2133000000}]},{"memory_bank":[{"@type":"string","type":"Empty slot"},{"@type":"string","form_factor":"Other"}]},{"@type":"uint","total_slots":2},{"@type":"uint","free_slots":1},{"@type":"string","test":"failed"},{"test_details":[{"@type":"string","comment":"Test result was not found."}]}],"tpm_devices":[{"tpm_device":[{"@type":"uint","id":1},{"@type":"string","vendor":"Infineon"},{"@type":"string","version":"1.2"},{"@type":"string","firmware_revision":"6.40"},{"@type":"string","clear_result":"Not performed"}]}],"disks":[{"disk":[{"@type":"uint","id":1},{"@type":"uint","internal_id":57},{"@type":"string","index":"1 (1-1)"},{"@type":"string","model":"WD5000AAKX-60U6AA0"},{"@type":"string","vendor":"WDC"},{"@type":"string","serial":"WD-WCC2E5YPLYCJ"},{"@type":"string","wwnid":"50014ee2b60cfb28"},{"@type":"string","firmware_revision":"18.01H18"},{"@type":"uint","blocksize":512},{"@type":"string","interface_type":"SATA"},{"@type":"string","form_factor":"3.5\""},{"@type":"uint","average_write_speed":93924623},{"@type":"uint","average_read_speed":96898027},{"@type":"uint","capacity":500107862016},{"@type":"uint","sectors":976773168},{"@type":"uint","remapped_sectors":0},{"region":[{"@type":"string","type":"accessible"},{"@type":"uint","capacity":500107862016},{"@type":"uint","sectors":976773168},{"@type":"string","status":"Exists"},{"sub_region":[{"@type":"string","type":"Unallocated"},{"@type":"string","status":"Exists"},{"@type":"uint","capacity":500107862016},{"@type":"uint","sectors":976773168},{"@type":"uint","start_sector":0},{"@type":"uint","end_sector":976773167}]}]},{"region":[{"@type":"string","type":"dco"},{"@type":"string","status":"Doesn't exist"}]},{"region":[{"@type":"string","type":"hpa"},{"@type":"string","status":"Doesn't exist"}]},{"@type":"string","health":"good"},{"features":[{"@type":"string","feature":"secure erase"},{"@type":"string","feature":"enhanced secure erase"},{"@type":"string","feature":"smart"},{"@type":"string","feature":"short smart self-test"},{"@type":"string","feature":"extended smart self-test"},{"@type":"string","feature":"selective smart self-test"}]},{"estimated_life_remaining":[{"@type":"uint","days":1386},{"@type":"string","reason":"All data found indicated that this device is functioning properly."}]}]}],"optical_drives":[{"optical_drive":[{"@type":"uint","id":1},{"@type":"string","vendor":"hp PLDS"},{"@type":"string","model":"DVDRW  DU8AESH"},{"@type":"string","type":"DVD-R"}]}],"network_interfaces":[{"network_interface":[{"@type":"uint","id":1},{"@type":"string","vendor":"Realtek Semiconductor Co., Ltd."},{"@type":"string","model":"RTL8111/8168/8411 PCI Express Gigabit Ethernet Controller"},{"@type":"string","type":"Ethernet"},{"@type":"string","driver":"r8169 : RealTek RTL-8169 Gigabit Ethernet driver 5.15.59-7bde-linux"},{"@type":"string","vendor_id":"0x10ec"},{"@type":"string","model_id":"0x8168"},{"@type":"string","subvendor_id":"0x103c"},{"@type":"string","subdevice_id":"0x8062"},{"@type":"string","subvendor_name":"Hewlett-Packard Company"},{"@type":"string","class_id":"0x2"},{"@type":"string","subclass_id":"0x0"},{"@type":"string","interface_id":"0x0"}]}],"storage_controllers":[{"storage_controller":[{"@type":"string","vendor":"Intel Corporation"},{"@type":"string","model":"Q170/Q150/B150/H170/H110/Z170/CM236 Chipset SATA Controller [AHCI Mode]"},{"@type":"string","type":"SATA controller"},{"@type":"string","driver":"ahci : AHCI SATA low-level driver 3.0"},{"@type":"string","index":"1"},{"@type":"string","vendor_id":"0x8086"},{"@type":"string","model_id":"0xa102"},{"@type":"string","subvendor_id":"0x103c"},{"@type":"string","subdevice_id":"0x8062"},{"@type":"string","subvendor_name":"Hewlett-Packard Company"},{"@type":"string","class_id":"0x1"},{"@type":"string","subclass_id":"0x6"},{"@type":"string","interface_id":"0x1"}]}],"video_cards":[{"video_card":[{"@type":"uint","id":1},{"@type":"string","vendor":"Intel Corporation"},{"@type":"string","model":"HD Graphics 530"},{"@type":"string","driver":"i915 : Intel Graphics 5.15.59-7bde-linux"},{"@type":"uint","video_memory":33554432},{"@type":"string","memory_type":"System memory reserved by EFI/BIOS"},{"@type":"string","vendor_id":"0x8086"},{"@type":"string","model_id":"0x1912"},{"@type":"string","subvendor_id":"0x103c"},{"@type":"string","subdevice_id":"0x8062"},{"@type":"string","subvendor_name":"Hewlett-Packard Company"},{"@type":"string","class_id":"0x3"},{"@type":"string","subclass_id":"0x0"},{"@type":"string","interface_id":"0x0"}]}],"sound_cards":[{"sound_card":[{"@type":"string","vendor":"Intel Corporation"},{"@type":"string","model":"100 Series/C230 Series Chipset Family HD Audio Controller"},{"@type":"string","vendor_id":"0x8086"},{"@type":"string","model_id":"0xa170"},{"@type":"string","subvendor_id":"0x103c"},{"@type":"string","subdevice_id":"0x8062"},{"@type":"string","subvendor_name":"Hewlett-Packard Company"},{"@type":"string","class_id":"0x4"},{"@type":"string","subclass_id":"0x3"},{"@type":"string","interface_id":"0x0"}]}],"ports":[{"port":[{"@type":"string","external_name":"PS2Keyboard"},{"@type":"string","internal_name":"PS2"},{"@type":"string","type":"Keyboard Port"},{"@type":"string","connector_type":"PS/2"}]},{"port":[{"@type":"string","external_name":"PS2Mouse"},{"@type":"string","internal_name":"PS2"},{"@type":"string","type":"Mouse Port"},{"@type":"string","connector_type":"PS/2"}]},{"port":[{"@type":"string","external_name":"COMA"},{"@type":"string","internal_name":"VGA/COMA"},{"@type":"string","type":"Serial Port 16550A Compatible"},{"@type":"string","connector_type":"DB-9 male"}]},{"port":[{"@type":"string","external_name":"VGA"},{"@type":"string","internal_name":"VGA/COMA"},{"@type":"string","type":"Video Port"},{"@type":"string","connector_type":"DB-15 female"}]},{"port":[{"@type":"string","external_name":"DisplayPort 1"},{"@type":"string","internal_name":"DisplayPort"},{"@type":"string","type":"Video Port"},{"@type":"string","connector_type":"Other"}]},{"port":[{"@type":"string","external_name":"LAN"},{"@type":"string","internal_name":"RJ45/USB"},{"@type":"string","type":"Network Port"},{"@type":"string","connector_type":"RJ-45"}]},{"port":[{"@type":"string","external_name":"Front mic in"},{"@type":"string","internal_name":"FRONT AUD"},{"@type":"string","type":"Audio Port"},{"@type":"string","connector_type":"Mini DIN"}]},{"port":[{"@type":"string","external_name":"Front headphone out"},{"@type":"string","internal_name":"FRONT AUD"},{"@type":"string","type":"Audio Port"},{"@type":"string","connector_type":"Mini DIN"}]},{"port":[{"@type":"string","external_name":"Speaker"},{"@type":"string","internal_name":"SPKR"},{"@type":"string","type":"Audio Port"},{"@type":"string","connector_type":"None"}]},{"port":[{"@type":"string","external_name":"Rear line in"},{"@type":"string","internal_name":"IN/OUT"},{"@type":"string","type":"Audio Port"},{"@type":"string","connector_type":"Mini DIN"}]},{"port":[{"@type":"string","external_name":"Rear line out"},{"@type":"string","internal_name":"IN/OUT"},{"@type":"string","type":"Audio Port"},{"@type":"string","connector_type":"Mini DIN"}]},{"port":[{"@type":"string","external_name":"Front USB 3.0 Port 1"},{"@type":"string","internal_name":"FRONT USB 3.0"},{"@type":"string","type":"USB"},{"@type":"string","connector_type":"Access Bus (USB)"}]},{"port":[{"@type":"string","external_name":"Front USB 3.0 Port 2"},{"@type":"string","internal_name":"FRONT USB 3.0"},{"@type":"string","type":"USB"},{"@type":"string","connector_type":"Access Bus (USB)"}]},{"port":[{"@type":"string","external_name":"Rear USB Port 1"},{"@type":"string","internal_name":"USB"},{"@type":"string","type":"USB"},{"@type":"string","connector_type":"Access Bus (USB)"}]},{"port":[{"@type":"string","external_name":"Rear USB Port 2"},{"@type":"string","internal_name":"USB"},{"@type":"string","type":"USB"},{"@type":"string","connector_type":"Access Bus (USB)"}]},{"port":[{"@type":"string","external_name":"Rear USB 3.0 Port 1"},{"@type":"string","internal_name":"USB"},{"@type":"string","type":"USB"},{"@type":"string","connector_type":"Access Bus (USB)"}]},{"port":[{"@type":"string","external_name":"Rear USB 3.0 Port 2"},{"@type":"string","internal_name":"USB"},{"@type":"string","type":"USB"},{"@type":"string","connector_type":"Access Bus (USB)"}]},{"port":[{"@type":"string","external_name":"Rear USB Port 3"},{"@type":"string","internal_name":"RJ45/USB"},{"@type":"string","type":"USB"},{"@type":"string","connector_type":"Access Bus (USB)"}]},{"port":[{"@type":"string","external_name":"Rear USB Port 4"},{"@type":"string","internal_name":"RJ45/USB"},{"@type":"string","type":"USB"},{"@type":"string","connector_type":"Access Bus (USB)"}]},{"port":[{"@type":"string","external_name":"Aux USB port"},{"@type":"string","internal_name":"MEDIA"},{"@type":"string","type":"USB"},{"@type":"string","connector_type":"None"}]},{"port":[{"@type":"string","external_name":"SATA0"},{"@type":"string","internal_name":"Ctrl0Port0"},{"@type":"string","type":"SATA"},{"@type":"string","connector_type":"SAS/SATA Plug Receptacle"}]},{"port":[{"@type":"string","external_name":"SATA1"},{"@type":"string","internal_name":"Ctrl0Port1"},{"@type":"string","type":"SATA"},{"@type":"string","connector_type":"SAS/SATA Plug Receptacle"}]},{"port":[{"@type":"string","external_name":"Main power"},{"@type":"string","internal_name":"PWR"},{"@type":"string","type":"Other"},{"@type":"string","connector_type":"None"}]},{"port":[{"@type":"string","external_name":"CPU power"},{"@type":"string","internal_name":"PWRCPU"},{"@type":"string","type":"Other"},{"@type":"string","connector_type":"None"}]},{"port":[{"@type":"string","external_name":"SATA power"},{"@type":"string","internal_name":"SATAPWR0"},{"@type":"string","type":"Other"},{"@type":"string","connector_type":"None"}]},{"port":[{"@type":"string","external_name":"Front chassis fan"},{"@type":"string","internal_name":"CHFAN2"},{"@type":"string","type":"Other"},{"@type":"string","connector_type":"None"}]},{"port":[{"@type":"string","external_name":"CPU fan"},{"@type":"string","internal_name":"CPUFAN"},{"@type":"string","type":"Other"},{"@type":"string","connector_type":"None"}]},{"port":[{"@type":"string","external_name":"Power Button and Front LED"},{"@type":"string","internal_name":"PB/LED"},{"@type":"string","type":"Other"},{"@type":"string","connector_type":"None"}]}],"usb_devices":[{"usb_device":[{"@type":"uint","id":1},{"@type":"string","vendor":"Dell Computer Corp."},{"@type":"string","device_name":"KB216 Wired Keyboard"},{"@type":"string","product_name":"Dell KB216 Wired Keyboard"},{"@type":"string","version":"1.10"},{"@type":"string","vendor_id":"0x413c"},{"@type":"string","model_id":"0x2113"},{"@type":"string","class_id":"0x0"}]},{"usb_device":[{"@type":"uint","id":2},{"@type":"string","vendor":"Logitech, Inc."},{"@type":"string","device_name":"Optical Wheel Mouse"},{"@type":"string","manufacturer":"Logitech"},{"@type":"string","product_name":"USB Optical Mouse"},{"@type":"string","version":"2.00"},{"@type":"string","vendor_id":"0x046d"},{"@type":"string","model_id":"0xc018"},{"@type":"string","class_id":"0x0"}]}]}},"user_data":{"fields":[{"@type":"string","Client Name":"Bejo Zaden"},{"@type":"string","Order Number":"2023008071"},{"@type":"string","SKU Number":"1690360926"}],"per_drive_fields":[]}}}